particle_id,schema_name,signing_did,evidence_hex,created_utc
1,ecosafety.riskvector.v2,bostrom18sd2ujv24ual9c9pshtxys6j8knh6xaead9ye7,0xevid0000a1b2c3d4e5f67890abcdef,2026-05-13 01:28:34
2,ecosafety.corridors.v2,bostrom18sd2ujv24ual9c9pshtxys6j8knh6xaead9ye7,0xevid0001a1b2c3d4e5f67890abcdef,2026-05-13 01:28:34
3,PlaneWeightsShard2026v1,bostrom18sd2ujv24ual9c9pshtxys6j8knh6xaead9ye7,0xevid0002a1b2c3d4e5f67890abcdef,2026-05-13 01:28:34
4,NonActuatingWorkload,bostrom18sd2ujv24ual9c9pshtxys6j8knh6xaead9ye7,0xevid0003a1b2c3d4e5f67890abcdef,2026-05-13 01:28:34
5,ProvenanceKernel2026v1,bostrom18sd2ujv24ual9c9pshtxys6j8knh6xaead9ye7,0xevid0004a1b2c3d4e5f67890abcdef,2026-05-13 01:28:34
6,FlowVacSubstrateShard.v1,bostrom18sd2ujv24ual9c9pshtxys6j8knh6xaead9ye7,0xevid0005a1b2c3d4e5f67890abcdef,2026-05-13 01:28:34
7,CyboquaticFogRoutingShard.v1,bostrom18sd2ujv24ual9c9pshtxys6j8knh6xaead9ye7,0xevid0006a1b2c3d4e5f67890abcdef,2026-05-13 01:28:34
8,HydrologicalBufferPhoenixMAR2026v1,bostrom18sd2ujv24ual9c9pshtxys6j8knh6xaead9ye7,0xevid0007a1b2c3d4e5f67890abcdef,2026-05-13 01:28:34
9,ecosafety.riskvector.v2,bostrom18sd2ujv24ual9c9pshtxys6j8knh6xaead9ye7,0xevid0008a1b2c3d4e5f67890abcdef,2026-05-13 01:28:34
10,ecosafety.corridors.v2,bostrom18sd2ujv24ual9c9pshtxys6j8knh6xaead9ye7,0xevid0009a1b2c3d4e5f67890abcdef,2026-05-13 01:28:34
11,PlaneWeightsShard2026v1,bostrom18sd2ujv24ual9c9pshtxys6j8knh6xaead9ye7,0xevid0010a1b2c3d4e5f67890abcdef,2026-05-13 01:28:34
12,NonActuatingWorkload,bostrom18sd2ujv24ual9c9pshtxys6j8knh6xaead9ye7,0xevid0011a1b2c3d4e5f67890abcdef,2026-05-13 01:28:34
13,ProvenanceKernel2026v1,bostrom18sd2ujv24ual9c9pshtxys6j8knh6xaead9ye7,0xevid0012a1b2c3d4e5f67890abcdef,2026-05-13 01:28:34
14,FlowVacSubstrateShard.v1,bostrom18sd2ujv24ual9c9pshtxys6j8knh6xaead9ye7,0xevid0013a1b2c3d4e5f67890abcdef,2026-05-13 01:28:34
15,CyboquaticFogRoutingShard.v1,bostrom18sd2ujv24ual9c9pshtxys6j8knh6xaead9ye7,0xevid0014a1b2c3d4e5f67890abcdef,2026-05-13 01:28:34
16,ecosafety.riskvector.v2,bostrom1ldgmtf20d6604a24ztr0jxht7xt7az4jhkmsrc,0xsecure001a1b2c3d4e5f67890,2026-05-13 01:28:34
