repotarget,filename,destination,roleplane
ecorestorationshard,dbdefinitionregistry.sql,ecorestorationshard/sqlspine/dbdefinitionregistry.sql,spine
ecorestorationshard,dbstewardecowealthstatement.sql,ecorestorationshard/sqlecowealth/dbstewardecowealthstatement.sql,ecowealth
ecorestorationshard,dbstewardecowealthvshard.sql,ecorestorationshard/sqlecowealth/dbstewardecowealthvshard.sql,ecowealth
ecorestorationshard,dailyevolutiondaemon.toml,ecorestorationshard/config/dailyevolutiondaemon.toml,kerresidual
ecorestorationshard,kerresidualCargo.toml,ecorestorationshard/crates/kerresidual/Cargo.toml,kerresidual
ecorestorationshard,bioscale-fairness-validatorCargo.toml,ecorestorationshard/crates/bioscale-fairness-validator/Cargo.toml,healthcaremt6883
ecorestorationshard,kerci.yml,ecorestorationshard/.github/workflows/kerci.yml,kerresidual
ecorestorationshard,dbmigrationaudit.csv.sql,ecorestorationshard/sqlspine/dbmigrationaudit.csv.sql,spine
ecorestorationshard,alnparticleregistry.aln,ecorestorationshard/alnregistry/alnparticleregistry.aln,spine
